ID,ID список профессий,№ группы,Вес профессии в соответсвии,Уровень должности,Вес профессии в уровне,Наименование професии и различные написания
1,1,1,1,0,1,Водитель-испытатель
2,1,1,0,0,0,Водитель испытатель
3,1,1,0,0,0,Водитель - испытатель
4,1,1,0,0,0,Водитель -испытатель
5,1,1,0,0,0,Водитель- испытатель
6,2,1,1,0,1,Водитель испытатель мототранспортных средств
7,2,1,0,0,0,Водитель-испытатель мототранспортных средств
8,2,1,0,0,0,Водитель- испытатель мототранспортных средств
9,2,1,0,0,0,Водитель -испытатель мототранспортных средств
10,2,1,0,0,0,Водитель - испытатель мототранспортных средств
11,3,1,1,0,1,Водитель испытатель легковых автомобилей
12,3,1,0,0,0,Водитель-испытатель легковых автомобилей
13,3,1,0,0,0,Водитель - испытатель легковых автомобилей
14,3,1,0,0,0,Водитель -испытатель легковых автомобилей
15,3,1,0,0,0,Водитель- испытатель легковых автомобилей
16,4,1,1,0,1,Водитель испытатель пассажирского транспорта
17,4,1,0,0,0,Водитель-испытатель пассажирского транспорта
18,4,1,0,0,0,Водитель - испытатель пассажирского транспорта
19,4,1,0,0,0,Водитель- испытатель пассажирского транспорта
20,4,1,0,0,0,Водитель -испытатель пассажирского транспорта
21,4,1,0,0,0,Водитель испытатель пасажирского транспорта
22,4,1,0,0,0,Водитель-испытатель пасажирского транспорта
23,4,1,0,0,0,Водитель - испытатель пасажирского транспорта
24,4,1,0,0,0,Водитель- испытатель пасажирского транспорта
25,4,1,0,0,0,Водитель -испытатель пасажирского транспорта
26,5,1,1,0,1,Водитель испытатель грузового транспорта
27,5,1,0,0,0,Водитель-испытатель грузового транспорта
28,5,1,0,0,0,Водитель - испытатель грузового транспорта
29,5,1,0,0,0,Водитель -испытатель грузового транспорта
30,5,1,0,0,0,Водитель- испытатель грузового транспорта
31,6,2,1,0,1,Испытатель
32,6,2,0,0,0,Инженер-испытатель
33,6,2,0,0,0,Инженер по испытаниям
34,6,2,0,1,1,Помощник инженера-испытателя
35,6,2,0,2,1,Младший инженер-испытатель
36,6,2,0,3,1,Ведущий инженер-испытатель
37,6,2,0,4,1,Главный инженер-испытатель
38,7,2,1,0,1,Испытатель двигателей
39,7,2,0,0,0,Испытатель-механик двигателей
40,7,2,0,0,0,Инженер-испытатель (двигателей и агрегатов)
41,8,2,1,0,1,Инженер-испытатель
42,8,2,0,0,0,Инженер испытатель
43,8,2,0,1,1,Помощник инженера-испытателя
44,8,2,0,2,1,Ведущий инженер-испытатель
45,8,2,0,3,1,Старший инженер-испытатель
46,8,2,0,4,1,Ведущий инженер по качеству/ ведущий инженер испытатель
47,9,2,1,0,1,Испытатель на герметичность
48,10,2,1,0,1,Контролер качества на линии
49,10,2,0,0,0,Контролер качества на производственной линии
50,11,2,1,0,1,Контролер сварочных работ
51,11,2,0,0,0,Контролер сварочных и наплавочных работ
52,11,2,0,0,0,Контролер ОТК сварочных работ
53,11,2,0,0,0,Контролер ОТК (сварочных работ)
54,11,2,0,0,0,Контролер ОТК сварочных работ (машиностроение)
55,11,2,0,1,0,Ученик контролера ОТК (сварочные работы)
56,11,2,0,1,0,Контролер сварочных работ. Ученик
57,11,2,0,1,1,Контролёр сварочных работ 1 разряда
58,11,2,0,2,1,Контролёр сварочных работ 2 разряда
59,11,2,0,2,1,Контролёр сварочных работ 3 разряда
60,11,2,0,3,1,Контролёр сварочных работ 4 разряда
61,11,2,0,3,0,Контролер сварочных работ 5-6 разряда
62,11,2,0,3,1,Контролёр сварочных работ 5 разряда
63,11,2,0,3,1,Контролёр сварочных работ 6 разряда
64,12,3,1,0,1,Контролер ОТК
65,12,3,0,0,0,Контролер ОТК / Инженер ОТК
66,12,3,0,0,0,Контролер качества (ОТК)
67,12,3,0,1,1,Контролер ОТК 1 разряда
68,12,3,0,2,1,Контролер ОТК 2 разряда
69,12,3,0,2,1,Контролер ОТК 3 разряда
70,12,3,0,2,1,Контролер ОТК 4 разряда
71,12,3,0,2,1,Контролер ОТК 5 разряда
72,12,3,0,2,1,Контролер ОТК 6 разряда
73,12,3,0,3,1,Заместитель начальника ОТК
74,12,3,0,4,0,Главный контролёр ОТК
75,12,3,0,4,1,Начальник ОТК
76,13,3,1,0,1,Дефектоскопист
77,13,3,0,0,0,Инженер-дефектоскопист
78,13,3,0,1,0,Помощник дефектоскописта
79,13,3,0,1,0,Помощник дефектоскописта/стажер
80,13,3,0,1,1,Дефектоскопист 1 разряд
81,13,3,0,2,1,Дефектоскопист 2 разряд
82,13,3,0,2,1,Дефектоскопист 3 разряд
83,13,3,0,2,1,Дефектоскопист 4 разряд
84,13,3,0,3,0,Ведущий инженер-дефектоскопист
85,13,3,0,3,0,Ведущий дефектоскопист
86,13,3,0,3,1,Дефектоскопист 5 разряд
87,13,3,0,3,1,Дефектоскопист 6 разряд
88,14,4,1,0,1,Инженер по гарантии
89,14,4,0,1,0,Инженер по гарантии/помощник инженера по гарантии
90,14,4,0,1,1,Помощник инженера по гарантии
91,14,4,0,2,1,Младший гарантийный инженер
92,14,4,0,3,0,Старший инженер по гарантии
93,14,4,0,3,1,Заместитель начальника сервисной службы / инженер по гарантии
94,14,4,0,4,1,Инженер по гарантии (региональный руководитель)
95,15,5,1,0,1,Механик по металлоконструкциям
96,16,6,1,0,1,Техник
97,16,6,0,0,0,Механик по металлоконструкциям
98,17,7,1,0,1,Антикоррозийщик
99,17,7,0,1,1,Антикоррозийщик 1 - й разряд
100,17,7,0,2,1,Антикоррозийщик 2 - й разряд
101,17,7,0,3,1,Антикоррозийщик 3 - й разряд
102,17,7,0,4,1,Антикоррозийщик 4 - й разряд
103,18,8,1,0,1,Дизайнер автомобилестроения
104,18,8,0,0,0,Дизайнер средств транспорта
105,19,9,1,0,1,Специалист окрасочного производства
106,20,10,1,0,1,Оператор окрасочно-сушильных линий
107,21,11,1,0,1,Станочник
108,21,11,0,0,0,Разнорабочий-станочник
109,21,11,0,0,0,Станочник широкого профиля
110,21,11,0,0,0,Станочник широкого профиля на токарные и фрезерные станки
111,22,11,1,0,1,Станочник металлообрабатывающих станков
112,23,11,1,0,1,Станочник широкого профиля
113,23,11,0,0,0,Станочник
114,23,11,0,0,0,Станочники и наладчики металлообрабатывающих станков
115,23,11,0,1,1,Станочник широкого профиля (1-й разряд)
116,23,11,0,2,1,Станочник широкого профиля (2-й разряд)
117,23,11,0,2,1,Станочник широкого профиля (3-й разряд)
118,23,11,0,3,1,Станочник широкого профиля (4-й разряд)
119,23,11,0,3,1,Станочник широкого профиля (5-й разряд)
120,23,11,0,4,1,Станочник широкого профиля (6-й разряд)
121,24,12,1,0,1,Наладчик
122,24,12,0,0,0,Наладчик производственного оборудования
123,24,12,0,1,1,"Наладчик, помощник инженера
"
124,24,12,0,2,1,Младший инженер-наладчик
125,24,12,0,3,1,Ведущий инженер-наладчик
126,24,12,0,4,1,Старший инженер-наладчик
127,24,12,0,0,0,Оператор-наладчик
128,24,12,0,0,0,Инженер-наладчик
129,24,12,0,0,0,Наладчик станков 
130,24,12,0,0,0,Наладчик технологического оборудования
131,24,12,0,0,0,Оператор - наладчик
132,24,12,0,0,0,Механик-наладчик 
133,24,12,0,0,0,Оператор наладчик
134,24,12,0,0,0,Механик-наладчик оборудования
135,25,12,1,0,1,Наладчик металлообрабатывающих станков
136,25,12,0,0,0,Оператор - наладчик
137,25,12,0,0,0,Механик-наладчик 
138,25,12,0,0,0,Оператор наладчик
139,25,12,0,0,0,Механик-наладчик оборудования
140,26,12,1,0,1,Наладчик оборудования
141,26,12,0,0,0,Оператор - наладчик
142,26,12,0,0,0,Механик-наладчик 
143,26,12,0,0,0,Оператор наладчик
144,26,12,0,0,0,Наладчик
145,26,12,0,0,0,Механик-наладчик оборудования
146,26,12,0,0,0,Оператор-наладчик
147,26,12,0,0,0,Инженер-наладчик
148,26,12,0,1,1,"Наладчик, помощник инженера"
149,26,12,0,2,1,Младший наладчик оборудования
150,26,12,0,3,1,Старший наладчик оборудования
151,27,12,1,0,1,Наладчик КИПиА
152,27,12,0,0,0,Инженер-наладчик КИПиА 
153,27,12,0,0,0,Слесарь-наладчик КИП и А
154,27,12,0,0,0,Наладчик кипиа 
155,27,12,0,1,1,Наладчик КИПиА стажер 
156,27,12,0,2,1,Ведущий инженер КИПиА
157,27,12,0,3,1,Старший наладчик / слесарь КИПиА
158,28,12,1,0,1,Наладчик производственного оборудования
159,28,12,0,0,0,Инженер-наладчик производственного оборудования
160,28,12,0,0,0,Механик-наладчик производственного оборудования
161,28,12,0,0,0,Оператор производственной линии / Наладчик оборудования
162,29,12,1,0,1,Наладчик станков с ЧПУ
163,29,12,0,0,0,Оператор-наладчик станка ЧПУ
164,29,12,0,0,0,Наладчик - оператор станков с ЧПУ
165,29,12,0,0,0,Наладчик (оператор) станков с ЧПУ
166,30,12,1,0,1,Наладчик шлифовального оборудования
167,30,12,0,1,1,Наладчик шлифовальных станков 1-го разряда
168,30,12,0,2,1,Наладчик шлифовальных станков 2-го разряда
169,30,12,0,2,1,Наладчик шлифовальных станков 3-го разряда
170,30,12,0,3,1,Наладчик шлифовальных станков 4-го разряда
171,30,12,0,3,1,Наладчик шлифовальных станков 5-го разряда
172,30,12,0,4,1,Наладчик шлифовальных станков 6-го разряда
173,31,12,1,0,1,Наладчик-штамповщик
174,31,12,0,0,0,Штамповчик
175,32,13,1,0,1,Оператор
176,33,13,1,0,1,Оператор автоматических и полуавтоматических линий станков и установок
177,33,13,0,0,0,Оператор металлорежущих станков-автоматов
178,33,13,0,1,1,Оператор автоматических и полуавтоматических линий станков и установок 1-го разряда
179,33,13,0,2,1,Оператор автоматических и полуавтоматических линий станков и установок 2-го разряда
180,33,13,0,3,1,Оператор автоматических и полуавтоматических линий станков и установок 3-го разряда
181,33,13,0,4,1,Оператор автоматических и полуавтоматических линий станков и установок 4-го разряда
182,34,13,1,0,1,Оператор металлообрабатывающего оборудования
183,35,13,1,0,1,Оператор лазерного станка
184,36,13,1,0,1,Оператор линии производства
185,37,13,1,0,1,Оператор листогибочного пресса
186,38,13,1,0,1,Оператор станка
187,39,13,1,0,1,Оператор токарного станка
188,40,14,1,0,1,Кладовщик
189,41,14,1,0,1,Кладовщик-грузчик
190,41,14,0,0,0,Кладовщик- грузчик
191,41,14,0,0,0,Кладовщик -грузчик
192,41,14,0,0,0,Кладовщик - грузчик
193,41,14,0,0,0,Кладовщик грузчик
194,42,14,1,0,1,Комплектовщик-транспортировщик
195,42,14,0,0,0,Комплектовщик- транспортировщик
196,42,14,0,0,0,Комплектовщик -транспортировщик
197,42,14,0,0,0,Комплектовщик - транспортировщик
198,42,14,0,0,0,Комплектовщик транспортировщик
199,43,14,1,0,1,Кладовщик-комплектовщик
200,43,14,0,0,0,Кладовщик- комплектовщик
201,43,14,0,0,0,Кладовщик -комплектовщик
202,43,14,0,0,0,Кладовщик комплектовщик
203,43,14,0,0,0,Кладовщик - комплектовщик
204,44,14,1,0,1,Кладовщик-контролер
205,44,14,0,0,0,Кладовщик- контролер
206,44,14,0,0,0,Кладовщик -контролер
207,44,14,0,0,0,Кладовщик контролер
208,44,14,0,0,0,Кладовщик - контролер
209,45,14,1,0,1,Кладовщик-наборщик
210,45,14,0,0,0,Кладовщик -наборщик
211,45,14,0,0,0,Кладовщик- наборщик
212,45,14,0,0,0,Кладовщик - наборщик
213,45,14,0,0,0,Кладовщик наборщик 
214,46,14,1,0,1,Кладовщик-оператор
215,46,14,0,0,0,Кладовщик оператор
216,46,14,0,0,0,Кладовщик -оператор
217,46,14,0,0,0,Кладовщик- оператор
218,46,14,0,0,0,Кладовщик - оператор
219,47,14,1,0,1,Кладовщик-приемщик
220,47,14,0,0,0,Кладовщик- приемщик
221,47,14,0,0,0,Кладовщик -приемщик
222,47,14,0,0,0,Кладовщик - приемщик
223,47,14,0,0,0,Кладовщик приемщик
224,48,14,1,0,1,Кладовщик склада
225,48,14,0,0,0,Кладовщик / сотрудник на склад
226,48,14,0,0,0,Сотрудник на склад
227,48,14,0,0,0,Работник склада (кладовщик)
228,48,14,0,0,0,Специалист склада / кладовщик
229,48,14,0,0,0,Кладовщик на склад
230,48,14,0,0,0,Сотрудник склада
231,49,14,1,0,1,Кладовщик-экспедитор
232,49,14,0,0,0,Кладовщик- экспедитор
233,49,14,0,0,0,Кладовщик -экспедитор
234,49,14,0,0,0,Кладовщик - экспедитор
235,49,14,0,0,0,Кладовщик экспедитор
236,49,14,0,0,0,Кладовщик/экспедитор
237,49,14,0,1,1,Экспедитор-помощник кладовщика
238,49,14,0,2,1,Младший кладовщик-экспедитор
239,49,14,0,3,1,Ведущий кладовщик-экспедитор
240,50,14,1,0,1,Менеджер склада
241,50,14,0,0,0,Менеджер на склад
242,50,14,0,1,1,Менеджер склада стажер
243,50,14,0,2,1,Младший менеджер склада
244,50,14,0,3,1,Ведущий менеджер склада
245,50,14,0,4,0,Заведующий складом
246,50,14,0,4,0,Руководитель склада
247,50,14,0,4,1,Начальник склада
248,51,15,1,0,1,Оператор
249,51,15,0,1,1,Помощник оператора
250,51,15,0,2,1,Ведущий оператор
251,51,15,0,3,1,Главный оператор
252,52,15,1,0,1,Оператор логистических работ
253,53,15,1,0,1,Оператор склада
254,54,15,1,0,1,Оператор-упаковщик
255,55,16,1,0,1,Приемщик
256,56,16,1,0,1,Приемщик-сдатчик
257,56,16,0,0,0,Приемщик - сдатчик
258,56,16,0,0,0,Приемщик- сдатчик
259,56,16,0,0,0,Приемщик -сдатчик
260,56,16,0,0,0,Приемщик сдатчик
261,56,16,0,1,1,Стажер приемщик-сдатчик
262,56,16,0,2,1,Младший приемщик-сдатчик
263,56,16,0,3,1,Ведущий приемщик-сдатчик
264,56,16,0,4,0,Старший приемщик сдатчик
265,56,16,0,4,0,Старший приемщик -сдатчик
266,56,16,0,4,0,Старший приемщик- сдатчик
267,56,16,0,4,0,Старший приемщик - сдатчик
268,56,16,0,4,1,Старший приемщик-сдатчик
269,57,17,1,0,1,Водитель
270,58,17,1,0,1,Водитель погрузчика
271,58,17,0,0,0,Водитель-погрузчика
272,58,17,0,0,0,Водитель- погрузчика
273,58,17,0,0,0,Водитель -погрузчика
274,58,17,0,0,0,Водитель - погрузчика
275,58,17,0,0,0,Водитель погрузчика (карщик)
276,58,17,0,0,0,Водитель погрузчика-грузчик
277,59,17,1,0,1,Водитель технологического транспорта
278,60,17,1,0,1,Водитель-грузчик
279,60,17,0,0,0,Водитель- грузчик
280,60,17,0,0,0,Водитель -грузчик
281,60,17,0,0,0,Водитель - грузчик
282,60,17,0,0,0,Водитель грузчик
283,61,17,1,0,1,Водитель-менеджер
284,62,17,1,0,1,Водитель ПРТ
285,62,17,0,0,0,Водитель-ПРТ
286,62,17,0,0,0,Водитель- ПРТ
287,62,17,0,0,0,Водитель -ПРТ
288,62,17,0,0,0,Водитель - ПРТ
289,63,17,1,0,1,Перегонщик автомобилей
290,63,17,0,0,0,Техник-перегонщик
291,63,17,0,0,0,Техник-перегонщик автомобилей
292,63,17,0,0,0,Приемщик-перегонщик автомобилей
293,63,17,0,0,0,Техник перегонщик автомобилей
294,64,18,1,0,1,Грузчик
295,64,18,0,0,0,Водитель-грузчик
296,64,18,0,0,0,Грузчик на склад
297,65,18,1,0,1,Грузчик-комплектовщик
298,65,18,0,0,0,Грузчик- комплектовщик
299,65,18,0,0,0,Грузчик -комплектовщик
300,65,18,0,0,0,Грузчик - комплектовщик
301,65,18,0,0,0,Грузчик комплектовщик
302,65,18,0,0,0,Грузчик-комплектовщик на склад
303,66,18,1,0,1,Грузчик-стропальщик
304,66,18,0,0,0,Грузчик -стропальщик
305,66,18,0,0,0,Грузчик- стропальщик
306,66,18,0,0,0,Грузчик - стропальщик
307,66,18,0,0,0,Грузчик стропальщик
308,67,18,1,0,1,Грузчик-такелажник
309,67,18,0,0,0,Грузчик- такелажник
310,67,18,0,0,0,Грузчик -такелажник
311,67,18,0,0,0,Грузчик - такелажник
312,67,18,0,0,0,Грузчик такелажник 
313,68,18,1,0,1,Грузчик-транспортировщик
314,68,18,0,0,0,Грузчик- транспортировщик
315,68,18,0,0,0,Грузчик -транспортировщик
316,68,18,0,0,0,Грузчик - транспортировщик
317,68,18,0,0,0,Грузчик транспортировщик
318,68,18,0,0,0,"Транспортировщик-грузчик
"
319,68,18,0,0,0,Транспортировщик- грузчик
320,68,18,0,0,0,Транспортировщик -грузчик
321,68,18,0,0,0,Транспортировщик - грузчик
322,68,18,0,0,0,Транспортировщик грузчик
323,69,18,1,0,1,Грузчик-экспедитор
324,69,18,0,0,0,Грузчик -экспедитор
325,69,18,0,0,0,Грузчик- экспедитор
326,69,18,0,0,0,Грузчик - экспедитор
327,69,18,0,0,0,Грузчик экспедитор
328,70,19,1,0,1,Диспетчер
329,70,19,0,0,0,Распределитель работ (диспетчер)
330,71,19,1,0,1,Диспетчер-логист
331,71,19,0,0,0,Диспетчер -логист
332,71,19,0,0,0,Диспетчер- логист
333,71,19,0,0,0,Диспетчер - логист
334,71,19,0,0,0,Диспетчер логист
335,71,19,0,0,0,Логист-диспетчер
336,71,19,0,0,0,Логист -диспетчер
337,71,19,0,0,0,Логист- диспетчер
338,71,19,0,0,0,Логист - диспетчер
339,71,19,0,0,0,Логист диспетчер
340,71,19,0,0,0,Диспетчер отдела логистики
341,72,19,1,0,1,Диспетчер производственно-диспетчерской службы
342,72,19,0,0,0,Диспетчер производства
343,72,19,0,0,0,Диспетчер производственно- диспетчерской службы
344,72,19,0,0,0,Диспетчер производственно -диспетчерской службы
345,72,19,0,0,0,Диспетчер производственно - диспетчерской службы
346,72,19,0,0,0,Диспетчер производственно диспетчерской службы
347,73,20,1,0,1,Логист 
348,73,20,0,0,0,Менеджер по логистике
349,73,20,0,0,0,Специалист по логистике
350,73,20,0,0,0,Транспортный логист
351,73,20,0,0,0,Диспетчер-логист
352,73,20,0,0,0,Логист-диспетчер
353,73,20,0,0,0,Специалист отдела логистики
354,73,20,0,0,0,Менеджер отдела логистики
355,73,20,0,0,0,Специалист по транспортной логистике
356,73,20,0,0,0,Менеджер по транспортной логистике
357,73,20,0,0,0,Логист-аналитик
358,73,20,0,1,1,Помощник логиста
359,73,20,0,2,1,Ведущий специалист службы логистики
360,73,20,0,3,1,Старший специалист службы логистики
361,73,20,0,4,1,Руководитель отдела логистики
362,74,20,1,0,1,Логист на склад
363,74,20,0,0,0,Логист склада
364,75,20,1,0,1,Менеджер по закупкам
365,75,20,0,0,0,Специалист по закупкам
366,75,20,0,0,0,Менеджер отдела снабжения
367,75,20,0,0,0,Менеджер отдела закупок
368,75,20,0,1,1,Специалист по закупкам (стажер)
369,75,20,0,2,0,Ведущий специалист по закупкам
370,75,20,0,2,0,Ведущий специалист по закупкам и снабжению
371,75,20,0,2,0,Ведущий специалист отдела закупок
372,75,20,0,2,1,Ведущий специалист по закупкам
373,75,20,0,3,0,"Старший менеджер по поставкам / закупкам
"
374,75,20,0,3,0,"Заместитель руководителя отдела закупок
"
375,75,20,0,3,1,"Заместитель директора по закупкам
"
376,75,20,0,4,0,Руководитель отдела закупок
377,75,20,0,4,0,"Начальник отдела закупок
"
378,75,20,0,4,1,Директор по закупкам
379,76,20,1,0,1,Менеджер по импорту
380,76,20,0,0,0,Менеджер по работе с импортом
381,76,20,0,1,1,Менеджер по работе с импортом стажер
382,76,20,0,2,1,Младший менеджер по работе с импортом
383,76,20,0,3,0,Ведущий импорт-менеджер
384,76,20,0,3,1,Ведущий менеджер по импорту
385,76,20,0,4,1,Главный менеджер по импорту
386,77,20,1,0,1,Менеджер по международным перевозкам
387,77,20,0,0,0,Менеджер по международной логистике
388,77,20,0,1,1,Менеджер по международным перевозка стажер
389,77,20,0,2,1,Младший менеджер по международным перевозкам
390,77,20,0,3,1,Ведущий менеджер по международным перевозкам
391,77,20,0,4,1,Главный менеджер по международным перевозкам
392,78,20,1,0,1,Менеджер по перевозкам
393,78,20,0,0,0,Менеджер по перевозкам/логист
394,78,20,0,1,1,Менеджер по перевозкам стажер
395,78,20,0,2,1,Младший менеджер по перевозкам
396,78,20,0,3,1,Ведущий менеджер по перевозкам
397,78,20,0,4,1,Старший менеджер по перевозкам
398,79,21,1,0,1,Кузнец
399,80,21,1,0,1,Кузнец-штамповщик
400,80,21,0,0,0,Кузнец- штамповщик
401,80,21,0,0,0,Кузнец -штамповщик
402,80,21,0,0,0,Кузнец - штамповщик
403,80,21,0,0,0,Кузнец штамповщик
404,80,21,0,1,0,Ученик кузнеца-штамповщика
405,80,21,0,1,1,Кузнец - штамповщик 1 - ого разряда
406,80,21,0,2,1,Кузнец - штамповщик 2 - ого разряда
407,80,21,0,2,1,Кузнец - штамповщик 3 - ого разряда
408,80,21,0,2,1,Кузнец - штамповщик 4 - ого разряда
409,80,21,0,3,1,Кузнец - штамповщик 5 - ого разряда
410,80,21,0,3,1,Кузнец - штамповщик 6 - ого разряда
411,81,21,1,0,1,Кузнец на молотах и прессах
412,81,21,0,0,0,Кузнец на молотах и прессах (на горячих участках работ)
413,81,21,0,1,1,Кузнец на молотах и прессах 1 разряда
414,81,21,0,2,1,Кузнец на молотах и прессах 2 разряда
415,81,21,0,2,1,Кузнец на молотах и прессах 3 разряда
416,81,21,0,2,1,Кузнец на молотах и прессах 4 разряда
417,81,21,0,3,1,Кузнец на молотах и прессах 5 разряда
418,81,21,0,3,1,Кузнец на молотах и прессах 6 разряда
419,82,21,1,0,1,Резчик
420,83,22,1,0,1,Оператор
421,84,22,1,0,1,Оператор автоматических и полуавтоматических линий станков и установок
422,85,22,1,0,1,Оператор металлообрабатывающего оборудования
423,86,22,1,0,1,Оператор лазерного станка
424,87,22,1,0,1,Оператор линии производства
425,88,22,1,0,1,Оператор листогибочного пресса
426,89,22,1,0,1,Оператор станка
427,90,22,1,0,1,Оператор токарного станка
428,91,23,1,0,1,Резчик металла на ножницах и прессах
429,91,23,0,1,1,Резчик металла на ножницах и прессах 1 разряда
430,91,23,0,2,1,Резчик металла на ножницах и прессах 2 разряда
431,91,23,0,2,1,Резчик металла на ножницах и прессах 3 разряда
432,91,23,0,2,1,Резчик металла на ножницах и прессах 4 разряда
433,91,23,0,3,1,Резчик металла на ножницах и прессах 5 разряда
434,91,23,0,3,1,Резчик металла на ножницах и прессах 6 разряда
435,92,23,1,0,1,"Резчик на пилах, ножовках и станках"
436,92,23,0,0,0,"Резчик на пилах,ножовках и станках"
437,92,23,0,1,1,"Резчик на пилах, ножовках и станках 1 разряда"
438,92,23,0,2,1,"Резчик на пилах, ножовках и станках 2 разряда"
439,92,23,0,2,1,"Резчик на пилах, ножовках и станках 3 разряда"
440,92,23,0,2,1,"Резчик на пилах, ножовках и станках 4 разряда"
441,92,23,0,3,1,"Резчик на пилах, ножовках и станках 5 разряда"
442,92,23,0,3,1,"Резчик на пилах, ножовках и станках 6 разряда"
443,93,23,1,0,1,Резьбонарезчик
444,93,23,0,0,0,Резьбонарезчик на спецстанках
445,93,23,0,0,0,Резьбонарезчик на специальных станках
446,94,24,1,0,1,Гибщик
447,94,24,0,0,0,Гибщик листового метала
448,95,24,1,0,1,Гибщик-вальцовщик
449,95,24,0,0,0,Вальцовщик - Гибщик листового металла
450,95,24,0,0,0,Гибщик -вальцовщик
451,95,24,0,0,0,Гибщик- вальцовщик
452,95,24,0,0,0,Гибщик - вальцовщик
453,95,24,0,0,0,Гибщик вальцовщик
454,95,24,0,0,0,Вальцовщик/гибщик
455,96,24,1,0,1,Гибщик труб
456,96,24,0,1,1,Гибщик труб 1 разряда
457,96,24,0,2,1,Гибщик труб 2 разряда
458,96,24,0,2,1,Гибщик труб 3 разряда
459,96,24,0,3,1,Гибщик труб 4 разряда
460,96,24,0,3,1,Гибщик труб 5 разряда
461,97,25,1,0,1,Инженер технолог
462,97,25,0,0,0,Инженер-технолог
463,97,25,0,0,0,Инженер -технолог
464,97,25,0,0,0,Инженер- технолог
465,97,25,0,0,0,Инженер - технолог
466,97,25,0,1,1,Инженер-технолог стажер
467,97,25,0,2,1,Инженер-технолог III категории
468,97,25,0,3,1,Инженер-технолог II категории
469,97,25,0,4,1,Инженер-технолог I категории
470,98,26,1,0,1,Термист
471,98,26,0,1,1,Термист 1 разряда
472,98,26,0,2,1,Термист 2 разряда
473,98,26,0,2,1,Термист 3 разряда
474,98,26,0,2,1,Термист 4 разряда
475,98,26,0,3,1,Термист 5 разряда
476,98,26,0,3,1,Термист 6 разряда
477,99,27,1,0,1,Техник-конструктор
478,99,27,0,0,0,Техник- конструктор
479,99,27,0,0,0,Техник -конструктор
480,99,27,0,0,0,Техник - конструктор
481,99,27,0,0,0,Техник конструктор
482,99,27,0,1,1,Техник-конструктор стажер
483,99,27,0,2,1,Техник-конструктор II категории
484,99,27,0,3,1,Техник-конструктор I категории
485,100,28,1,0,1,Литейщик
486,101,28,1,0,1,Литейщик пластмасс
487,101,28,0,0,0,Формовщик-литейщик пластмасс
488,101,28,0,0,0,Литейщик изделий из пластмасс
489,101,28,0,1,1,Литейщик пластмасс 1-го разряда
490,101,28,0,2,1,Литейщик пластмасс 2-го разряда
491,101,28,0,2,1,Литейщик пластмасс 3-го разряда
492,101,28,0,2,1,Литейщик пластмасс 4-го разряда
493,101,28,0,3,1,Литейщик пластмасс 5-го разряда
494,101,28,0,3,1,Литейщик пластмасс 6-го разряда
495,102,28,1,0,1,Литейщик металлов и сплавов
496,102,28,0,1,1,Литейщик металлов и сплавов 1 разряда
497,102,28,0,2,1,Литейщик металлов и сплавов 2 разряда
498,102,28,0,2,1,Литейщик металлов и сплавов 3 разряда
499,102,28,0,2,1,Литейщик металлов и сплавов 4 разряда
500,102,28,0,3,1,Литейщик металлов и сплавов 5 разряда
501,102,28,0,3,1,Литейщик металлов и сплавов 6 разряда
502,103,29,1,0,1,Химик-технолог
503,103,29,0,0,0,Химик- технолог
504,103,29,0,0,0,Химик -технолог
505,103,29,0,0,0,Химик - технолог
506,103,29,0,0,0,Химик технолог
507,103,29,0,1,1,Химик-технолог стажер
508,103,29,0,2,1,Младший химик-технолог
509,103,29,0,3,1,Ведущий химик-технолог
510,103,29,0,4,1,Главный химик-технолог
511,104,29,1,0,1,Лаборант химического анализа
512,104,29,0,1,1,Лаборант химического анализа 1 разряда
513,104,29,0,2,1,Лаборант химического анализа 2 разряда
514,104,29,0,2,1,Лаборант химического анализа 3 разряда
515,104,29,0,3,1,Лаборант химического анализа 4 разряда
516,104,29,0,3,1,Лаборант химического анализа 5 разряда
517,104,29,0,4,1,Лаборант химического анализа 6 разряда
518,104,29,0,4,1,Лаборант химического анализа 7 разряда
519,105,29,1,0,1,Лаборант спектрального анализа
520,105,29,0,1,1,Лаборант спектрального анализа 1 разряда
521,105,29,0,1,1,Лаборант спектрального анализа 2 разряда
522,105,29,0,2,1,Лаборант спектрального анализа 3 разряда
523,105,29,0,2,1,Лаборант спектрального анализа 4 разряда
524,105,29,0,2,1,Лаборант спектрального анализа 5 разряда
525,105,29,0,3,1,Лаборант спектрального анализа 6 разряда
526,105,29,0,3,0,Лаборант спектрального анализа 7 разряда
527,106,29,1,0,1,Лаборант металлографического анализа
528,106,29,0,1,1,Лаборант металлографического анализа 1 разряда
529,106,29,0,2,1,Лаборант металлографического анализа 2 разряда
530,106,29,0,2,1,Лаборант металлографического анализа 3 разряда
531,106,29,0,3,1,Лаборант металлографического анализа 4 разряда
532,106,29,0,3,1,Лаборант металлографического анализа 5 разряда
533,107,29,1,0,1,Лаборант неразрушающего метода контроля
534,108,29,1,0,1,Лаборант механических испытаний
535,108,29,0,0,0,Лаборант по физико-механическим испытаниям
536,108,29,0,1,1,Лаборант по физико-механическим испытаниям 1-го разряда
537,108,29,0,2,1,Лаборант по физико-механическим испытаниям 2-го разряда
538,108,29,0,2,1,Лаборант по физико-механическим испытаниям 3-го разряда
539,108,29,0,2,1,Лаборант по физико-механическим испытаниям 4-го разряда
540,108,29,0,3,1,Лаборант по физико-механическим испытаниям 5-го разряда
541,108,29,0,3,1,Лаборант по физико-механическим испытаниям 6-го разряда
542,109,29,1,0,1,Бригадир
543,109,29,0,0,0,Бригадир объектов
544,110,30,1,0,1,Слесарь механосборочных работ
545,110,30,0,0,0,Слесарь механосборочных работ (МСР)
546,110,30,0,1,1,Слесарь механосборочных работ 1 разряда
547,110,30,0,2,1,Слесарь механосборочных работ 2 разряда
548,110,30,0,2,1,Слесарь механосборочных работ 3 разряда
549,110,30,0,2,1,Слесарь механосборочных работ 4 разряда
550,110,30,0,3,1,Слесарь механосборочных работ 5 разряда
551,110,30,0,3,1,Слесарь механосборочных работ 6 разряда
552,111,30,1,0,1,Слесарь-моторист
553,111,30,0,0,0,Слесарь -моторист
554,111,30,0,0,0,Слесарь- моторист
555,111,30,0,0,0,Слесарь - моторист
556,111,30,0,0,0,Слесарь моторист
557,111,30,0,0,0,Моторист/слесарь
558,111,30,0,1,1,Слесарь-моторист 1 разряда
559,111,30,0,2,1,Слесарь-моторист 2 разряда
560,111,30,0,2,1,Слесарь-моторист 3 разряда
561,111,30,0,2,1,Слесарь-моторист 4 разряда
562,111,30,0,3,1,Слесарь-моторист 5 разряда
563,111,30,0,3,1,Слесарь-моторист 6 разряда
564,112,30,1,0,1,Слесарь МСР
565,112,30,0,0,0,Слесарь механосборочных работ
566,112,30,0,0,0,Слесарь механосборочных работ (МСР)
567,112,30,0,1,1,Слесарь механосборочных работ 1 разряда
568,112,30,0,2,1,Слесарь механосборочных работ 2 разряда
569,112,30,0,2,1,Слесарь механосборочных работ 3 разряда
570,112,30,0,2,1,Слесарь механосборочных работ 4 разряда
571,112,30,0,3,1,Слесарь механосборочных работ 5 разряда
572,112,30,0,3,1,Слесарь механосборочных работ 6 разряда
573,113,30,1,0,1,Слесарь-универсал
574,113,30,0,0,0,Слесарь -универсал
575,113,30,0,0,0,Слесарь- универсал
576,113,30,0,0,0,Слесарь - универсал
577,113,30,0,0,0,Слесарь универсал
578,113,30,0,1,1,Слесарь-универсал 1 разряда
579,113,30,0,2,1,Слесарь-универсал 2 разряда
580,113,30,0,2,1,Слесарь-универсал 3 разряда
581,113,30,0,2,1,Слесарь-универсал 4 разряда
582,113,30,0,3,1,Слесарь-универсал 5 разряда
583,113,30,0,3,1,Слесарь-универсал 6 разряда
584,113,30,0,4,1,Слесарь-универсал 7 разряда
585,113,30,0,4,1,Слесарь-универсал 8 разряда
586,114,31,1,0,1,Автомаляр
587,114,31,0,1,0,Автомаляр / Ученик маляра
588,114,31,0,1,0,Автомаляр / помощник автомаляра
589,114,31,0,1,0,"Ученик автомаляра
"
590,114,31,0,1,1,Автомаляр 1 разряда
591,114,31,0,2,1,Автомаляр 2 разряда
592,114,31,0,2,1,Автомаляр 3 разряда
593,114,31,0,2,1,Автомаляр 4 разряда
594,114,31,0,3,1,Автомаляр 5 разряда
595,114,31,0,3,1,Автомаляр 6 разряда
596,115,31,1,0,1,Автомаляр-подготовщик
597,115,31,0,0,0,Автомаляр -подготовщик
598,115,31,0,0,0,Автомаляр- подготовщик
599,115,31,0,0,0,Автомаляр - подготовщик
600,115,31,0,0,1,Автомаляр подготовщик
601,115,31,0,1,1,Автомаляр-подготовщик стажер
602,115,31,0,2,1,Младший автомаляр-подготовщик
603,115,31,0,3,1,Старший автомаляр-подготовщик
604,116,31,1,0,1,Маляр по металлу
605,116,31,0,1,1,Маляр по металлу 1 разряд
606,116,31,0,2,1,Маляр по металлу 2 разряд
607,116,31,0,2,1,Маляр по металлу 3 разряд
608,116,31,0,2,1,Маляр по металлу 4 разряд
609,116,31,0,3,1,Маляр по металлу 5 разряд
610,116,31,0,3,1,Маляр по металлу 6 разряд
611,117,32,1,0,1,Колорист
612,117,32,0,0,0,Маляр-колорист
613,117,32,0,0,0,Колорист автоэмалей
614,117,32,0,1,0,Ученик колориста автоэмалей/Колорист
615,117,32,0,1,1,Колорист 1 разряда
616,117,32,0,2,1,Колорист 2 разряда
617,117,32,0,2,1,Колорист 3 разряда
618,117,32,0,2,1,Колорист 4 разряда
619,117,32,0,3,1,Колорист 5 разряда
620,117,32,0,3,1,Колорист 6 разряда
621,118,33,1,0,1,Художник-аэрографист
622,118,33,0,0,0,Художник- аэрографист
623,118,33,0,0,0,Художник -аэрографист
624,118,33,0,0,0,Художник - аэрографист
625,118,33,0,0,0,Художник аэрографист
626,118,33,0,1,1,Художник-аэрографист стажер
627,118,33,0,2,1,Младший художник-аэрографистий 
628,118,33,0,3,1,Старший художник-аэрографистий 
629,119,34,1,0,1,Полировщик
630,119,34,0,0,0,Полировщик автомобилей
631,119,34,0,1,1,Полировщик стажер
632,119,34,0,2,1,Младший полировщик
633,119,34,0,3,1,Старший полировщик
634,120,35,1,0,1,Слесарь
635,120,35,0,1,1,Слесарь 1 разряда
636,120,35,0,2,1,Слесарь 2 разряда
637,120,35,0,2,1,Слесарь 3 разряда
638,120,35,0,2,1,Слесарь 4 разряда
639,120,35,0,3,1,Слесарь 5 разряда
640,120,35,0,3,1,Слесарь 6 разряда
641,120,35,0,4,1,Слесарь 7 разряда
642,120,35,0,4,1,Слесарь 8 разряда
643,121,35,1,0,1,Слесарь по ремонту автомобилей
644,121,35,0,0,0,Автослесарь
645,121,35,0,1,1,Слесарь по ремонту автомобилей 1 разряд
646,121,35,0,2,1,Слесарь по ремонту автомобилей 2 разряд
647,121,35,0,2,1,Слесарь по ремонту автомобилей 3 разряд
648,121,35,0,2,1,Слесарь по ремонту автомобилей 4 разряд
649,121,35,0,3,1,Слесарь по ремонту автомобилей 5 разряд
650,121,35,0,3,1,Слесарь по ремонту автомобилей 6 разряд
651,121,35,0,4,1,Слесарь по ремонту автомобилей 7 разряд
652,122,36,1,0,1,Автомеханик
653,122,36,0,0,0,"Мастер ремонтной зоны по техническому обслуживанию, ремонту автотранспортных средств (АТС) и их компонентов"
654,122,36,0,1,0,Автомеханик/ученик автомеханика
655,122,36,0,1,0,Ученик автомеханика
656,122,36,0,1,1,Ученик автомеханика (Стажер)
657,122,36,0,2,1,Ведущий автомеханик
658,122,36,0,3,1,Главный автомеханик
659,123,36,1,0,1,Автомеханик-автослесарь
660,123,36,0,0,0,Автомеханик -автослесарь
661,123,36,0,0,0,Автомеханик- автослесарь
662,123,36,0,0,0,Автомеханик - автослесарь
663,123,36,0,0,0,Автомеханик автослесарь
664,123,36,0,0,0,Автомеханик / Автослесарь
665,123,36,0,0,0,"Автомеханик (автослесарь)
"
666,123,36,0,0,0,Автомеханик / автослесарь
667,123,36,0,0,0,"Автослесарь-автомеханик
"
668,123,36,0,0,0,Автослесарь -автомеханик
669,123,36,0,0,0,Автослесарь- автомеханик
670,123,36,0,0,0,Автослесарь - автомеханик
671,123,36,0,0,0,Автослесарь автомеханик
672,123,36,0,1,1,Автомеханик-автослесарь стажер
673,123,36,0,2,1,Ведущий автомеханик-автослесарь
674,123,36,0,3,1,Главный автомеханик-автослесарь
675,124,36,1,0,1,Электромеханик по средствам автоматики и приборам технологического оборудования
676,124,36,0,1,1,Электромеханик по средствам автоматики и приборам технологического оборудования 1 разряд
677,124,36,0,2,1,Электромеханик по средствам автоматики и приборам технологического оборудования 2 разряд
678,124,36,0,2,1,Электромеханик по средствам автоматики и приборам технологического оборудования 3 разряд
679,124,36,0,2,1,Электромеханик по средствам автоматики и приборам технологического оборудования 4 разряд
680,124,36,0,3,1,Электромеханик по средствам автоматики и приборам технологического оборудования 5 разряд
681,124,36,0,3,1,Электромеханик по средствам автоматики и приборам технологического оборудования 6 разряд
682,124,36,0,4,1,Электромеханик по средствам автоматики и приборам технологического оборудования 7 разряд
683,124,36,0,4,1,Электромеханик по средствам автоматики и приборам технологического оборудования 8 разряд
684,125,37,1,0,1,Мехатроник
685,125,37,0,0,0,Специалист по мехатронным системам автомобиля
686,125,37,0,0,0,Автомехатроник по ремонту автотранспортных средств (АТС)
687,125,37,0,0,0,Автомехатроник
688,125,37,0,0,0,Специалист по мехатронике в автомобилестроении
689,125,37,0,0,0,Техник-мехатроник
690,125,37,0,1,1,Стажер мехатроник
691,125,37,0,2,1,Младший мехатроник
692,125,37,0,3,1,Ведущий мехатроник
693,126,38,1,0,1,Электромонтер
694,126,38,0,0,0,Дежурный электромонтер
695,126,38,0,0,0,Электромонтер по ремонту и обслуживанию электрооборудования
696,126,38,0,1,1,Электромонтер по ремонту и обслуживанию электрооборудования 1-го разряда
697,126,38,0,2,1,Электромонтер по ремонту и обслуживанию электрооборудования 2-го разряда
698,126,38,0,2,1,Электромонтер по ремонту и обслуживанию электрооборудования 3-го разряда
699,126,38,0,2,1,Электромонтер по ремонту и обслуживанию электрооборудования 4-го разряда
700,126,38,0,3,1,Электромонтер по ремонту и обслуживанию электрооборудования 5-го разряда
701,126,38,0,3,1,Электромонтер по ремонту и обслуживанию электрооборудования 6-го разряда